<?xml version="1.0" encoding="utf-8"?>
<ApplicationInstallerManifest>
   <DefaultInstallationDirectory>/Applications/NumRootLab/</DefaultInstallationDirectory>
   <ApplicationName>NumRootLab</ApplicationName>
   <ExecutableName>application/NumRootLab.exe</ExecutableName>
   <GUID>d5ff0a07-7ec6-4e1d-aa93-374ff171c1cf</GUID>
   <ApplicationIcon>icon_48.png</ApplicationIcon>
   <Logo>logo4280260368148459279.jpg</Logo>
   <Version>1.0</Version>
   <Summary>A powerful MATLAB App Designer tool for solving function roots using advanced numerical methods.</Summary>
   <WelcomePanelText>NumRootLab 1.0
A powerful MATLAB App Designer tool for solving function roots using advanced numerical methods.

This MATLAB App Designer application provides a robust and interactive platform for solving function roots using advanced numerical methods. Designed for efficiency and precision, it integrates key algorithms such as Bisection, Newton-Raphson, and Secant methods, allowing users to visualize iterations, analyze convergence, and gain deeper insights into root-finding techniques. With an intuitive interface and dynamic plotting capabilities, this tool is ideal for students, researchers, and engineers seeking a streamlined approach to solving nonlinear equations.
</WelcomePanelText>
   <MCRProducts>
      <MCRProduct>
         <ExternalProductIdentifier>35002</ExternalProductIdentifier>
      </MCRProduct>
      <MCRProduct>
         <ExternalProductIdentifier>35003</ExternalProductIdentifier>
      </MCRProduct>
      <MCRProduct>
         <ExternalProductIdentifier>35010</ExternalProductIdentifier>
      </MCRProduct>
   </MCRProducts>
</ApplicationInstallerManifest>